week,day,item_name,category,price,available
1-я неделя,Понедельник,Каша овсяная с ягодами,Завтрак,450,True
1-я неделя,Понедельник,Бутерброд с сыром,Завтрак,350,True
1-я неделя,Понедельник,Борщ со сметаной,Обед,550,True
1-я неделя,Понедельник,Котлета с пюре,Обед,650,True
1-я неделя,Понедельник,Компот из сухофруктов,Напитки,150,True
1-я неделя,Вторник,Салат овощной,Салаты,400,True
1-я неделя,Вторник,Солянка мясная,Первое,500,True
1-я неделя,Вторник,Макароны с сыром,Второе,550,True
1-я неделя,Среда,Винегрет,Салаты,450,True
1-я неделя,Среда,Суп грибной,Первое,480,True
1-я неделя,Среда,Рыба с рисом,Второе,700,True
1-я неделя,Четверг,Морковный салат,Салаты,350,True
1-я неделя,Четверг,Рассольник,Первое,470,True
1-я неделя,Четверг,Гречка с мясом,Второе,600,True
1-я неделя,Пятница,Лагман,Второе,750,True
1-я неделя,Пятница,Сок апельсиновый,Напитки,250,True
1-я неделя,Понедельник,рррррр,Обед,500,True
2-я неделя,Понедельник,Борщ,Обед,500,True
2-я неделя,Вторник,Суп,Обед,500,True
